NÂ°,SENSOR 1,SENSOR 2,SENSOR 3,SENSOR 4,SENSOR 5,SENSOR 6,SENSOR 7,SENSOR 8,SENSOR 9,SENSOR 10,Time,Position,Date,BeltName
0,22.62,21.96,22.06,21.38,21.59,21.64,21.61,21.88,22.62,23.25,0,0,21/09/22 00:00:00,CV23V1
1,22.73,22.05,22.06,21.5,21.51,21.47,21.57,21.92,22.66,23.33,31,0.15965,21/09/22 00:00:00,CV23V1
2,22.73,22.05,21.98,21.58,21.51,21.56,21.48,21.88,22.7,23.41,62,0.3193,21/09/22 00:00:00,CV23V1
3,22.81,22.05,22.06,21.5,21.52,21.64,21.57,21.88,22.54,23.33,93,0.47895,21/09/22 00:00:00,CV23V1
4,22.73,22.05,21.98,21.66,22,21.92,21.57,21.88,22.7,23.16,125,0.64375,21/09/22 00:00:00,CV23V1
5,22.55,21.83,21.95,21.66,21.89,21.84,21.61,21.8,22.54,22.96,156,0.8034,21/09/22 00:00:00,CV23V1
6,22.47,21.67,21.86,21.58,21.88,21.76,21.4,21.64,22.42,22.85,187,0.96305,21/09/22 00:00:00,CV23V1
7,22.35,21.55,21.41,21.42,21.67,21.55,21.13,21.44,22.18,22.6,218,1.1227,21/09/22 00:00:00,CV23V1
8,22.04,21.27,21.25,21.22,21.38,21.35,21,21.28,22.05,22.48,250,1.2875,21/09/22 00:00:00,CV23V1
9,21.83,21.01,21.13,20.93,21.14,21.01,20.92,21.18,21.89,22.4,281,1.44715,21/09/22 00:00:00,CV23V1
10,21.64,21.01,21.13,21.01,21.22,21.01,20.92,21.27,22.05,22.61,312,1.6068,21/09/22 00:00:00,CV23V1
11,21.74,21.29,21.4,20.93,21.14,21.18,21.12,21.44,22.26,22.84,343,1.76645,21/09/22 00:00:00,CV23V1
12,21.99,21.46,21.37,21,21.14,21.27,21.32,21.6,22.42,22.97,375,1.93125,21/09/22 00:00:00,CV23V1
13,22.27,21.83,21.57,21.5,21.59,21.64,21.69,21.88,22.62,23.16,406,2.0909,21/09/22 00:00:00,CV23V1
14,22.47,21.92,21.7,21.66,21.71,21.76,21.69,21.8,22.61,23.17,437,2.25055,21/09/22 00:00:00,CV23V1
15,22.47,21.93,21.66,21.66,21.67,21.76,21.69,21.79,22.54,23.13,468,2.4102,21/09/22 00:00:00,CV23V1
16,22.26,21.83,21.86,21.66,21.5,21.68,21.48,21.72,22.54,23.05,500,2.575,21/09/22 00:00:00,CV23V1
17,22.47,21.97,22.06,21.57,21.67,21.64,21.69,21.88,22.7,23.16,531,2.73465,21/09/22 00:00:00,CV23V1
18,22.63,22.05,21.94,21.7,21.67,21.47,21.61,21.88,22.62,23.16,562,2.8943,21/09/22 00:00:00,CV23V1
19,22.63,21.96,22.06,21.66,21.67,21.55,21.61,21.8,22.54,23.12,593,3.05395,21/09/22 00:00:00,CV23V1
20,22.55,21.96,21.98,21.3,21.51,21.56,21.57,21.8,22.46,23.12,625,3.21875,21/09/22 00:00:00,CV23V1
21,22.7,21.96,21.94,21.42,21.51,21.27,21.48,21.72,22.41,23.05,656,3.3784,21/09/22 00:00:00,CV23V1
22,22.82,22.05,21.94,21.38,21.51,21.48,21.48,21.72,22.42,23.05,687,3.53805,21/09/22 00:00:00,CV23V1
23,22.73,21.55,21.7,21.22,21.43,21.47,21.4,21.64,22.34,23.16,718,3.6977,21/09/22 00:00:00,CV23V1
24,22.73,21.47,21.95,21.42,21.51,21.57,21.4,21.72,22.42,23.12,749,3.85735,21/09/22 00:00:00,CV23V1
25,22.74,21.55,21.94,21.57,21.67,21.76,21.48,21.64,22.34,22.89,781,4.02215,21/09/22 00:00:00,CV23V1
26,22.63,21.47,21.86,21.79,21.71,21.55,21.48,21.61,22.34,22.85,812,4.1818,21/09/22 00:00:00,CV23V1
27,22.39,21.55,21.87,21.87,21.96,21.76,21.48,21.64,22.34,22.77,843,4.34145,21/09/22 00:00:00,CV23V1
28,22.35,21.47,21.78,21.71,21.8,21.55,21.4,21.6,22.33,22.77,874,4.5011,21/09/22 00:00:00,CV23V1
29,22.19,21.39,21.66,21.79,21.71,21.47,21.4,21.6,22.34,22.76,906,4.6659,21/09/22 00:00:00,CV23V1
30,22.34,21.39,21.49,21.7,21.68,21.64,21.48,21.64,22.42,22.77,937,4.82555,21/09/22 00:00:00,CV23V1
31,22.19,21.47,21.94,21.7,21.67,21.68,21.61,21.72,22.46,22.88,968,4.9852,21/09/22 00:00:00,CV23V1
32,22.04,21.54,21.95,21.5,21.51,21.64,21.57,21.72,22.46,22.89,999,5.14485,21/09/22 00:00:00,CV23V1
33,22,21.68,21.95,21.42,21.59,21.69,21.77,21.88,22.7,23.13,1031,5.30965,21/09/22 00:00:00,CV23V1
34,22.35,21.92,22.07,21.66,21.67,21.92,21.89,21.92,22.7,23.17,1062,5.4693,21/09/22 00:00:00,CV23V1
35,22.47,21.93,21.98,21.95,21.71,21.96,21.89,21.92,22.66,23.12,1093,5.62895,21/09/22 00:00:00,CV23V1
36,22.55,22.05,22.11,21.95,21.67,21.84,21.85,21.88,22.62,23.02,1124,5.7886,21/09/22 00:00:00,CV23V1
37,22.55,21.96,22.14,21.79,21.71,21.76,21.77,21.88,22.62,23.05,1156,5.9534,21/09/22 00:00:00,CV23V1
38,22.7,22.09,22.06,21.96,21.8,21.76,21.84,21.92,22.62,23.12,1187,6.11305,21/09/22 00:00:00,CV23V1
39,22.73,22.13,22.22,21.71,21.72,21.76,21.84,21.92,22.61,23.12,1218,6.2727,21/09/22 00:00:00,CV23V1
40,22.73,22.13,21.94,21.58,21.67,21.56,21.77,21.92,22.46,23.05,1249,6.43235,21/09/22 00:00:00,CV23V1
41,22.7,21.96,21.86,21.38,21.57,21.47,21.61,21.72,22.42,22.97,1281,6.59715,21/09/22 00:00:00,CV23V1
42,22.7,21.92,21.66,21.22,21.39,21.38,21.48,21.6,22.34,22.89,1312,6.7568,21/09/22 00:00:00,CV23V1
43,22.7,21.92,21.86,21.05,21.67,21.26,21.4,21.64,22.34,22.97,1343,6.91645,21/09/22 00:00:00,CV23V1
44,22.7,22.05,21.66,21.38,21.51,21.39,21.33,21.6,22.26,23.05,1374,7.0761,21/09/22 00:00:00,CV23V1
45,22.63,21.92,21.86,21.42,21.71,21.64,21.33,21.61,22.34,22.87,1406,7.2409,21/09/22 00:00:00,CV23V1
46,22.35,21.67,21.7,21.38,21.68,21.39,21.2,21.52,22.18,22.69,1437,7.40055,21/09/22 00:00:00,CV23V1
47,22.19,21.47,21.41,21.38,21.51,21.47,21.14,21.52,22.18,22.69,1468,7.5602,21/09/22 00:00:00,CV23V1
48,22.27,21.55,21.65,21.5,21.67,21.64,21.28,21.52,22.26,22.76,1499,7.71985,21/09/22 00:00:00,CV23V1
49,22.26,21.55,21.41,21.66,21.68,21.64,21.32,21.6,22.34,22.84,1531,7.88465,21/09/22 00:00:00,CV23V1
50,22.11,21.46,21.29,21.38,21.59,21.48,21.32,21.6,22.42,22.85,1562,8.0443,21/09/22 00:00:00,CV23V1
51,22.04,21.47,21.37,21.3,21.59,21.57,21.4,21.64,22.46,22.85,1593,8.20395,21/09/22 00:00:00,CV23V1
52,22.11,21.67,21.41,21.42,21.67,21.68,21.57,21.8,22.62,23.05,1624,8.3636,21/09/22 00:00:00,CV23V1
53,22.27,21.76,21.49,21.38,21.51,21.76,21.69,21.8,22.7,23.16,1656,8.5284,21/09/22 00:00:00,CV23V1
54,22.55,22.05,21.77,21.58,21.71,21.97,21.89,22.09,22.86,23.33,1687,8.68805,21/09/22 00:00:00,CV23V1
55,22.63,22.05,21.93,21.7,21.88,22.05,21.89,22,22.79,23.33,1718,8.8477,21/09/22 00:00:00,CV23V1
56,22.47,22.02,21.98,21.66,21.8,21.96,21.89,22,22.79,23.25,1749,9.00735,21/09/22 00:00:00,CV23V1
57,22.39,21.96,22.06,21.67,21.71,21.93,21.85,21.92,22.7,23.12,1780,9.167,21/09/22 00:00:00,CV23V1
58,22.4,21.96,21.98,21.7,21.96,21.76,21.76,22,22.79,23.25,1812,9.3318,21/09/22 00:00:00,CV23V1
59,22.47,21.96,21.94,21.5,21.79,21.67,21.77,22,22.62,23.17,1843,9.49145,21/09/22 00:00:00,CV23V1
60,22.47,21.92,21.94,21.38,21.67,21.55,21.69,21.88,22.54,23.13,1874,9.6511,21/09/22 00:00:00,CV23V1
61,22.39,21.92,21.78,21.38,21.59,21.55,21.69,21.88,22.54,23.13,1906,9.8159,21/09/22 00:00:00,CV23V1
62,22.47,21.92,21.7,21.37,21.51,21.55,21.57,21.73,22.46,23.12,1937,9.97555,21/09/22 00:00:00,CV23V1
63,22.55,21.84,21.66,21.14,21.51,21.34,21.4,21.64,22.42,23.05,1968,10.1352,21/09/22 00:00:00,CV23V1
64,22.55,21.84,21.4,21.14,21.31,21.26,21.32,21.64,22.34,23.13,1999,10.29485,21/09/22 00:00:00,CV23V1
65,22.62,21.86,21.4,21.38,21.31,21.27,21.4,21.72,22.42,23.12,2030,10.4545,21/09/22 00:00:00,CV23V1
66,22.47,21.92,21.65,21.58,21.72,21.68,21.48,21.72,22.46,23.05,2062,10.6193,21/09/22 00:00:00,CV23V1
67,22.39,21.67,21.49,21.66,21.7,21.68,21.48,21.64,22.42,22.88,2093,10.77895,21/09/22 00:00:00,CV23V1
68,22.35,21.55,21.57,21.7,21.71,21.68,21.48,21.64,22.42,22.85,2124,10.9386,21/09/22 00:00:00,CV23V1
69,22.35,21.63,21.57,21.7,21.71,21.66,21.4,21.64,22.42,22.89,2155,11.09825,21/09/22 00:00:00,CV23V1
70,22.19,21.55,21.37,21.66,21.71,21.68,21.48,21.64,22.46,22.97,2187,11.26305,21/09/22 00:00:00,CV23V1
71,22.19,21.47,21.37,21.58,21.71,21.68,21.48,21.73,22.54,22.89,2218,11.4227,21/09/22 00:00:00,CV23V1
72,22.04,21.55,21.66,21.7,21.71,21.84,21.61,21.88,22.62,22.97,2249,11.58235,21/09/22 00:00:00,CV23V1
73,22.2,21.63,21.75,21.5,21.59,21.76,21.69,21.88,22.78,23.12,2280,11.742,21/09/22 00:00:00,CV23V1
74,22.27,21.67,21.78,21.5,21.72,21.76,21.89,22.09,22.87,23.25,2312,11.9068,21/09/22 00:00:00,CV23V1
75,22.63,21.96,22.06,21.66,21.96,22.14,21.97,22.17,22.9,23.41,2343,12.06645,21/09/22 00:00:00,CV23V1
76,22.64,22.05,21.98,21.88,21.8,22.05,21.96,22.16,22.89,23.41,2374,12.2261,21/09/22 00:00:00,CV23V1
77,22.55,21.96,21.78,21.66,21.88,21.76,21.88,22,22.79,23.25,2405,12.38575,21/09/22 00:00:00,CV23V1
78,22.47,21.83,21.66,21.5,21.67,21.7,21.69,21.92,22.7,23.17,2437,12.55055,21/09/22 00:00:00,CV23V1
79,22.54,22.05,22.07,21.83,21.96,21.84,21.89,22.08,22.87,23.25,2468,12.7102,21/09/22 00:00:00,CV23V1
80,22.54,22.05,21.98,21.87,21.71,21.76,21.85,22,22.7,23.14,2499,12.86985,21/09/22 00:00:00,CV23V1
81,22.62,21.96,21.98,21.7,21.67,21.68,21.69,21.92,22.54,23.12,2530,13.0295,21/09/22 00:00:00,CV23V1
82,22.47,21.92,21.77,21.38,21.51,21.47,21.57,21.8,22.46,23.05,2562,13.1943,21/09/22 00:00:00,CV23V1
83,22.48,21.92,21.69,21.3,21.51,21.35,21.4,21.64,22.42,22.97,2593,13.35395,21/09/22 00:00:00,CV23V1
84,22.55,21.92,21.66,21.22,21.43,21.35,21.32,21.64,22.34,22.97,2624,13.5136,21/09/22 00:00:00,CV23V1
85,22.55,21.96,21.49,21.22,21.31,21.27,21.28,21.64,22.34,23.05,2655,13.67325,21/09/22 00:00:00,CV23V1
86,22.56,21.92,21.66,21.38,21.42,21.47,21.29,21.64,22.31,22.97,2687,13.83805,21/09/22 00:00:00,CV23V1
87,22.55,21.67,21.7,21.5,21.51,21.55,21.28,21.52,22.18,22.77,2718,13.9977,21/09/22 00:00:00,CV23V1
88,22.35,21.47,21.41,21.38,21.68,21.55,21.2,21.52,22.18,22.61,2749,14.15735,21/09/22 00:00:00,CV23V1
89,22.27,21.56,21.49,21.39,21.68,21.55,21.2,21.52,22.26,22.68,2780,14.317,21/09/22 00:00:00,CV23V1
90,22.27,21.46,21.57,21.5,21.59,21.55,21.2,21.53,22.18,22.68,2812,14.4818,21/09/22 00:00:00,CV23V1
91,22.11,21.38,21.49,21.5,21.43,21.47,21.13,21.44,22.26,22.77,2843,14.64145,21/09/22 00:00:00,CV23V1
92,22.04,21.3,21.49,21.41,21.51,21.56,21.28,21.6,22.35,22.69,2874,14.8011,21/09/22 00:00:00,CV23V1
93,22.04,21.46,21.66,21.58,21.59,21.64,21.47,21.64,22.46,22.89,2905,14.96075,21/09/22 00:00:00,CV23V1
94,22.19,21.63,21.49,21.3,21.36,21.47,21.4,21.64,22.46,22.89,2937,15.12555,21/09/22 00:00:00,CV23V1
95,22.26,21.67,21.7,21.38,21.43,21.64,21.69,21.8,22.62,23.05,2968,15.2852,21/09/22 00:00:00,CV23V1
96,22.54,21.92,21.78,21.66,21.59,21.79,21.77,21.8,22.62,23.13,2999,15.44485,21/09/22 00:00:00,CV23V1
97,22.63,21.92,21.94,21.58,21.67,21.84,21.77,21.8,22.62,23.12,3030,15.6045,21/09/22 00:00:00,CV23V1
98,22.55,21.84,21.94,21.42,21.51,21.68,21.61,21.72,22.46,22.97,3062,15.7693,21/09/22 00:00:00,CV23V1
99,22.55,21.96,21.94,21.58,21.51,21.64,21.57,21.88,22.54,23.05,3093,15.92895,21/09/22 00:00:00,CV23V1
100,22.47,21.96,22.06,21.7,21.71,21.55,21.69,21.92,22.63,23.16,3124,16.0886,21/09/22 00:00:00,CV23V1
101,22.63,22.05,22.12,21.79,21.72,21.63,21.76,21.92,22.7,23.25,3155,16.24825,21/09/22 00:00:00,CV23V1
102,22.7,22.21,21.98,21.66,21.88,21.76,21.89,22.06,22.79,23.41,3186,16.4079,21/09/22 00:00:00,CV23V1
103,22.62,22.26,21.98,21.58,21.79,21.76,21.89,22,22.79,23.41,3218,16.5727,21/09/22 00:00:00,CV23V1
104,22.87,22.25,22.06,21.66,21.71,21.84,21.85,22.09,22.87,23.45,3249,16.73235,21/09/22 00:00:00,CV23V1
105,23.09,22.41,22.3,21.88,21.79,21.96,21.89,22.32,23.06,23.78,3280,16.892,21/09/22 00:00:00,CV23V1
106,23.09,22.54,22.39,22.08,22,22.14,22.05,22.44,23.14,23.91,3311,17.05165,21/09/22 00:00:00,CV23V1
107,23.37,22.63,22.68,22.32,22.66,22.5,22.22,22.61,23.35,23.99,3343,17.21645,21/09/22 00:00:00,CV23V1
108,23.29,22.63,22.68,22.51,22.83,22.54,22.3,22.52,23.35,23.91,3374,17.3761,21/09/22 00:00:00,CV23V1
109,23.29,22.54,22.67,22.58,22.66,22.63,22.3,22.61,23.44,23.91,3405,17.53575,21/09/22 00:00:00,CV23V1
110,23.38,22.62,22.59,22.51,22.83,22.78,22.42,22.73,23.56,23.99,3436,17.6954,21/09/22 00:00:00,CV23V1
111,23.29,22.69,22.6,22.67,22.83,22.82,22.5,22.81,23.64,23.99,3468,17.8602,21/09/22 00:00:00,CV23V1
112,23.17,22.54,22.67,22.51,22.74,22.71,22.46,22.73,23.56,23.99,3499,18.01985,21/09/22 00:00:00,CV23V1
113,22.89,22.42,22.39,22.51,22.53,22.63,22.41,22.73,23.47,23.87,3530,18.1795,21/09/22 00:00:00,CV23V1
114,22.88,22.41,22.43,22.24,22.53,22.48,22.33,22.61,23.48,23.87,3561,18.33915,21/09/22 00:00:00,CV23V1
115,22.73,22.14,22.22,21.88,22.09,22.26,22.21,22.44,23.35,23.78,3593,18.50395,21/09/22 00:00:00,CV23V1
116,22.89,22.42,22.39,22,22.17,22.5,22.41,22.73,23.64,24.15,3624,18.6636,21/09/22 00:00:00,CV23V1
117,23.09,22.54,22.44,22.35,22.37,22.71,22.7,22.89,23.81,24.28,3655,18.82325,21/09/22 00:00:00,CV23V1
118,23.01,22.55,22.72,22.59,22.66,22.78,22.79,22.97,23.81,24.27,3686,18.9829,21/09/22 00:00:00,CV23V1
119,22.97,22.54,22.59,22.59,22.53,22.71,22.62,22.8,23.72,24.15,3718,19.1477,21/09/22 00:00:00,CV23V1
120,23.01,22.62,22.82,22.5,22.62,22.71,22.7,23,23.83,24.44,3749,19.30735,21/09/22 00:00:00,CV23V1
121,23.09,22.62,22.71,22.5,22.53,22.63,22.7,23,23.8,24.49,3780,19.467,21/09/22 00:00:00,CV23V1
122,23.17,22.78,22.59,22.38,22.66,22.54,22.7,23,23.72,24.36,3811,19.62665,21/09/22 00:00:00,CV23V1
123,23.26,22.7,22.59,22.16,22.45,22.52,22.61,22.96,23.72,24.28,3842,19.7863,21/09/22 00:00:00,CV23V1
124,23.26,22.62,22.59,22,22.45,22.42,22.41,22.72,23.48,24.16,3874,19.9511,21/09/22 00:00:00,CV23V1
125,23.01,22.54,22.67,21.99,22.17,22.26,22.29,22.65,23.48,24.07,3905,20.11075,21/09/22 00:00:00,CV23V1
126,23.17,22.54,22.39,21.79,22.18,22.21,22.22,22.61,23.44,24.08,3936,20.2704,21/09/22 00:00:00,CV23V1
127,23.17,22.62,22.31,21.88,22.25,22.25,22.22,22.61,23.43,24.07,3968,20.4352,21/09/22 00:00:00,CV23V1
128,23.26,22.62,22.31,22.31,22.37,22.5,22.22,22.52,23.35,23.91,3999,20.59485,21/09/22 00:00:00,CV23V1
129,23.09,22.34,22.19,22.38,22.26,22.35,22.14,22.36,23.18,23.7,4046,20.8369,21/09/22 00:00:00,CV23V1
130,22.89,22.21,22.06,22.15,22.29,22.34,22.14,22.37,23.18,23.78,4061,20.91415,21/09/22 00:00:00,CV23V1
131,22.89,22.25,22.31,22.38,22.37,22.42,22.13,22.44,23.27,23.78,4093,21.07895,21/09/22 00:00:00,CV23V1
132,22.89,22.26,22.14,22.39,22.53,22.5,22.22,22.52,23.35,23.91,4124,21.2386,21/09/22 00:00:00,CV23V1
133,22.73,22.22,22.14,22.32,22.45,22.5,22.22,22.61,23.43,23.85,4155,21.39825,21/09/22 00:00:00,CV23V1
134,22.7,22.34,22.22,22.32,22.53,22.54,22.33,22.65,23.48,23.87,4186,21.5579,21/09/22 00:00:00,CV23V1
135,22.81,22.5,22.51,22.15,22.37,22.54,22.5,22.73,23.56,23.91,4217,21.71755,21/09/22 00:00:00,CV23V1
136,22.97,22.53,22.68,22.36,22.3,22.62,22.62,22.89,23.81,24.07,4249,21.88235,21/09/22 00:00:00,CV23V1
137,23.37,22.82,22.95,22.67,22.66,22.9,22.87,23,23.81,24.2,4280,22.042,21/09/22 00:00:00,CV23V1
138,23.38,22.82,22.87,22.71,22.82,22.82,22.78,22.89,23.73,24.16,4311,22.20165,21/09/22 00:00:00,CV23V1
139,23.17,22.7,22.67,22.71,22.66,22.54,22.62,22.79,23.56,24,4342,22.3613,21/09/22 00:00:00,CV23V1
140,23.25,22.62,22.71,22.67,22.46,22.55,22.5,22.65,23.48,24.08,4374,22.5261,21/09/22 00:00:00,CV23V1
141,23.29,22.78,22.79,22.5,22.61,22.54,22.58,22.88,23.56,24.08,4405,22.68575,21/09/22 00:00:00,CV23V1
142,23.29,22.34,22.67,22.39,22.53,22.54,22.58,22.8,23.48,23.99,4436,22.8454,21/09/22 00:00:00,CV23V1
143,23.38,22.05,22.87,22.24,22.53,22.42,22.49,22.72,23.44,23.91,4467,23.00505,21/09/22 00:00:00,CV23V1
144,23.29,21.92,22.79,22.16,22.3,22.34,22.41,22.65,23.35,23.91,4499,23.16985,21/09/22 00:00:00,CV23V1
145,23.38,22.05,22.68,22.32,22.38,22.34,22.34,22.61,23.35,23.91,4530,23.3295,21/09/22 00:00:00,CV23V1
146,23.53,22.25,22.59,22.38,22.53,22.34,22.3,22.61,23.35,23.91,4561,23.48915,21/09/22 00:00:00,CV23V1
147,23.54,22.21,22.67,22.23,22.3,22.34,22.22,22.61,23.26,23.99,4592,23.6488,21/09/22 00:00:00,CV23V1
148,23.46,21.96,22.61,22.51,22.45,22.55,22.33,22.65,23.43,23.91,4624,23.8136,21/09/22 00:00:00,CV23V1
149,23.46,21.76,22.58,22.71,22.74,22.63,22.34,22.61,23.35,23.87,4655,23.97325,21/09/22 00:00:00,CV23V1
150,23.37,21.55,22.67,22.7,22.74,22.62,22.33,22.61,23.26,23.7,4686,24.1329,21/09/22 00:00:00,CV23V1
151,23.25,21.47,22.59,22.79,22.74,22.71,22.29,22.52,23.26,23.7,4717,24.29255,21/09/22 00:00:00,CV23V1
152,23.25,20.72,22.67,22.67,22.53,22.54,22.22,22.52,23.26,23.69,4749,24.45735,21/09/22 00:00:00,CV23V1
153,23.17,19.88,22.51,22.51,22.54,22.62,22.3,22.52,23.35,23.78,4780,24.617,21/09/22 00:00:00,CV23V1
154,23.09,19.97,22.6,22.43,22.83,22.62,22.34,22.61,23.44,23.69,4811,24.77665,21/09/22 00:00:00,CV23V1
155,23.09,21.26,22.79,22.61,22.82,22.63,22.5,22.73,23.56,23.91,4842,24.9363,21/09/22 00:00:00,CV23V1
156,23.17,22.13,22.59,22.5,22.66,22.55,22.58,22.72,23.56,23.91,4874,25.1011,21/09/22 00:00:00,CV23V1
157,23.09,22.5,22.7,22.59,22.66,22.71,22.7,22.92,23.72,24.16,4905,25.26075,21/09/22 00:00:00,CV23V1
158,23.46,22.82,22.79,22.79,22.83,22.9,22.86,22.96,23.8,24.2,4936,25.4204,21/09/22 00:00:00,CV23V1
159,23.45,22.9,22.79,22.87,22.82,22.9,22.86,22.96,23.72,24.2,4968,25.5852,21/09/22 00:00:00,CV23V1
160,23.37,22.9,22.87,22.87,22.82,22.78,22.7,22.88,23.56,23.99,4999,25.74485,21/09/22 00:00:00,CV23V1
161,23.29,22.9,22.79,22.79,22.83,22.63,22.57,22.96,23.64,23.99,5030,25.9045,21/09/22 00:00:00,CV23V1
162,23.46,22.97,22.79,22.87,22.74,22.7,22.7,22.96,23.72,24.15,5061,26.06415,21/09/22 00:00:00,CV23V1
163,23.46,22.82,22.99,22.67,22.66,22.63,22.61,22.89,23.56,24.16,5093,26.22895,21/09/22 00:00:00,CV23V1
164,23.29,22.9,22.95,22.59,22.62,22.54,22.58,22.72,23.48,24.07,5124,26.3886,21/09/22 00:00:00,CV23V1
165,23.45,22.9,22.67,22.42,22.44,22.42,22.42,22.6,23.44,23.99,5155,26.54825,21/09/22 00:00:00,CV23V1
166,23.3,22.82,22.68,22.39,22.37,22.34,22.3,22.61,23.35,23.91,5186,26.7079,21/09/22 00:00:00,CV23V1
167,23.46,22.81,22.59,22.39,22.37,22.42,22.34,22.61,23.44,24.08,5218,26.8727,21/09/22 00:00:00,CV23V1
168,23.53,22.98,22.59,22.5,22.37,22.42,22.33,22.61,23.35,24.11,5249,27.03235,21/09/22 00:00:00,CV23V1
169,23.53,22.82,22.51,22.67,22.61,22.63,22.34,22.61,23.35,23.99,5280,27.192,21/09/22 00:00:00,CV23V1
170,23.46,22.63,22.59,22.67,22.54,22.54,22.3,22.52,23.35,23.91,5311,27.35165,21/09/22 00:00:00,CV23V1
171,23.17,22.54,22.51,22.59,22.62,22.42,22.34,22.61,23.43,23.87,5342,27.5113,21/09/22 00:00:00,CV23V1
172,23.29,22.66,22.71,22.67,22.83,22.71,22.42,22.65,23.47,23.91,5374,27.6761,21/09/22 00:00:00,CV23V1
173,23.37,22.7,22.8,22.59,22.83,22.78,22.5,22.73,23.56,23.99,5405,27.83575,21/09/22 00:00:00,CV23V1
174,23.26,22.63,22.43,22.56,22.83,22.71,22.5,22.72,23.56,24,5436,27.9954,21/09/22 00:00:00,CV23V1
175,22.89,22.5,22.51,22.59,22.82,22.78,22.58,22.81,23.72,24.08,5468,28.1602,21/09/22 00:00:00,CV23V1
176,23.17,22.7,22.61,22.71,22.82,22.78,22.7,22.96,23.85,24.28,5499,28.31985,21/09/22 00:00:00,CV23V1
177,23.25,22.78,22.67,22.66,22.66,22.78,22.7,22.96,23.85,24.16,5530,28.4795,21/09/22 00:00:00,CV23V1
178,23.53,22.98,22.87,22.79,22.82,22.99,22.87,23,23.93,24.44,5561,28.63915,21/09/22 00:00:00,CV23V1
179,23.61,22.98,22.86,22.96,22.89,22.98,22.87,23,23.85,24.36,5593,28.80395,21/09/22 00:00:00,CV23V1
180,23.45,22.82,22.71,22.71,22.83,22.9,22.87,22.96,23.8,24.28,5624,28.9636,21/09/22 00:00:00,CV23V1
181,23.29,22.7,22.59,22.51,22.66,22.7,22.62,22.81,23.64,23.91,5655,29.12325,21/09/22 00:00:00,CV23V1
182,23.3,22.78,22.8,22.51,22.66,22.63,22.62,22.97,23.72,24.16,5686,29.2829,21/09/22 00:00:00,CV23V1
183,23.29,22.7,22.71,22.39,22.62,22.55,22.62,22.89,23.64,24.16,5718,29.4477,21/09/22 00:00:00,CV23V1
184,23.25,22.69,22.51,22.3,22.45,22.5,22.5,22.81,23.48,23.91,5749,29.60735,21/09/22 00:00:00,CV23V1
185,23.3,22.78,22.65,22.38,22.45,22.51,22.5,22.88,23.48,23.91,5780,29.767,21/09/22 00:00:00,CV23V1
186,23.09,22.7,22.59,22.15,22.29,22.42,22.35,22.64,23.35,23.98,5811,29.92665,21/09/22 00:00:00,CV23V1
187,23.17,22.62,22.39,22.16,22.17,22.34,22.22,22.52,23.26,23.87,5842,30.0863,21/09/22 00:00:00,CV23V1
188,23.29,22.7,22.39,21.99,22.09,22.22,22.13,22.52,23.26,23.99,5874,30.2511,21/09/22 00:00:00,CV23V1
189,23.17,22.78,22.39,22.07,22.38,22.26,22.22,22.52,23.26,23.99,5905,30.41075,21/09/22 00:00:00,CV23V1
190,23.25,22.67,22.39,22.51,22.45,22.51,22.22,22.52,23.18,23.78,5936,30.5704,21/09/22 00:00:00,CV23V1
191,23.09,22.5,22.43,22.51,22.45,22.34,22.21,22.36,23.14,23.62,5968,30.7352,21/09/22 00:00:00,CV23V1
192,23,22.34,22.51,22.51,22.37,22.34,22.14,22.36,23.14,23.45,5999,30.89485,21/09/22 00:00:00,CV23V1
193,23.01,22.33,22.31,22.44,22.37,22.34,22.05,22.36,23.14,23.54,6030,31.0545,21/09/22 00:00:00,CV23V1
194,22.97,22.34,22.31,22.31,22.53,22.42,22.14,22.36,23.18,23.62,6061,31.21415,21/09/22 00:00:00,CV23V1
195,22.82,22.21,22.14,22.31,22.45,22.42,22.13,22.36,23.18,23.62,6092,31.3738,21/09/22 00:00:00,CV23V1
196,22.73,22.26,22.22,22.39,22.45,22.42,22.22,22.52,23.33,23.7,6124,31.5386,21/09/22 00:00:00,CV23V1
197,22.81,22.42,22.22,22.07,22.29,22.34,22.29,22.52,23.35,23.87,6155,31.69825,21/09/22 00:00:00,CV23V1
198,22.82,22.41,22.39,22.15,22.29,22.34,22.33,22.64,23.44,23.91,6186,31.8579,21/09/22 00:00:00,CV23V1
199,23.09,22.65,22.51,22.39,22.46,22.63,22.58,22.73,23.56,24.16,6217,32.01755,21/09/22 00:00:00,CV23V1
200,23.17,22.7,22.51,22.51,22.37,22.62,22.49,22.65,23.48,23.91,6249,32.18235,21/09/22 00:00:00,CV23V1
201,23.01,22.54,22.39,22.24,22.29,22.43,22.34,22.52,23.35,23.87,6280,32.342,21/09/22 00:00:00,CV23V1
202,23.01,22.42,22.31,22.31,22.09,22.26,22.14,22.52,23.27,23.87,6311,32.50165,21/09/22 00:00:00,CV23V1
203,23.17,22.5,22.67,22.43,22.29,22.26,22.34,22.61,23.35,23.91,6342,32.6613,21/09/22 00:00:00,CV23V1
204,23.01,22.42,22.49,22.39,22.25,22.25,22.29,22.6,23.18,23.78,6374,32.8261,21/09/22 00:00:00,CV23V1
205,22.97,22.42,22.51,22.23,22.17,22.22,22.22,22.52,23.14,23.7,6405,32.98575,21/09/22 00:00:00,CV23V1
206,23.01,22.42,22.51,22.07,22.09,22.05,22.14,22.36,23.06,23.7,6436,33.1454,21/09/22 00:00:00,CV23V1
207,22.89,22.34,22.43,21.95,21.96,22.05,22.05,22.32,23.06,23.62,6467,33.30505,21/09/22 00:00:00,CV23V1
208,23.09,22.44,22.31,21.87,21.96,22.14,21.96,22.36,23.14,23.7,6499,33.46985,21/09/22 00:00:00,CV23V1
209,23.17,22.54,22.14,21.88,21.96,22.14,21.96,22.36,23.06,23.87,6530,33.6295,21/09/22 00:00:00,CV23V1
210,23.17,22.5,22.22,22.08,22.17,22.26,21.96,22.36,23.14,23.87,6561,33.78915,21/09/22 00:00:00,CV23V1
211,23.17,22.34,22.22,22.24,22.37,22.35,22.05,22.33,23.14,23.7,6592,33.9488,21/09/22 00:00:00,CV23V1
212,23.01,22.21,22.14,22.39,22.45,22.34,22.05,22.32,23.14,23.66,6624,34.1136,21/09/22 00:00:00,CV23V1
213,22.82,22.22,22.27,22.43,22.53,22.34,22.05,22.36,23.16,23.62,6655,34.27325,21/09/22 00:00:00,CV23V1
214,22.97,22.26,22.39,22.43,22.37,22.34,22.05,22.36,23.18,23.7,6686,34.4329,21/09/22 00:00:00,CV23V1
215,22.96,22.34,22.31,22.32,22.54,22.42,22.13,22.44,23.26,23.78,6717,34.59255,21/09/22 00:00:00,CV23V1
216,22.83,22.21,22.31,22.31,22.66,22.5,22.21,22.52,23.35,23.7,6749,34.75735,21/09/22 00:00:00,CV23V1
217,22.73,22.44,22.51,22.51,22.74,22.63,22.41,22.65,23.43,23.91,6780,34.917,21/09/22 00:00:00,CV23V1
218,22.73,22.54,22.43,22.43,22.5,22.5,22.34,22.52,23.26,23.62,6811,35.07665,21/09/22 00:00:00,CV23V1
219,22.39,22.54,22.6,22.59,22.29,22.35,22.41,22.52,23.26,23.62,6842,35.2363,21/09/22 00:00:00,CV23V1
220,22.55,22.9,22.95,22.67,22.25,22.35,22.34,22.36,23.14,23.45,6874,35.4011,21/09/22 00:00:00,CV23V1
221,22.7,23.26,23.35,23.37,22.82,22.82,22.62,22.65,23.14,23.04,6905,35.56075,21/09/22 00:00:00,CV23V1
222,22.2,23.06,23.61,23.53,22.97,23.06,22.91,23,23.47,23.12,6936,35.7204,21/09/22 00:00:00,CV23V1
223,22.04,22.98,23.52,23.53,22.97,23.15,22.9,23.17,23.72,23.41,6967,35.88005,21/09/22 00:00:00,CV23V1
224,22.19,22.9,23.52,23.36,22.89,22.98,22.91,23.17,23.85,23.7,6999,36.04485,21/09/22 00:00:00,CV23V1
225,21.92,22.7,23.23,23.08,22.89,22.9,22.99,23.25,23.92,23.69,7030,36.2045,21/09/22 00:00:00,CV23V1
226,21.84,22.53,22.95,22.71,22.46,22.82,23.13,23.45,24.09,23.99,7061,36.36415,21/09/22 00:00:00,CV23V1
227,22.19,22.41,22.71,22.07,22.44,22.5,22.9,23.17,23.93,24,7092,36.5238,21/09/22 00:00:00,CV23V1
228,22.74,22.5,22.71,22.32,22.37,22.22,22.41,22.61,23.18,23.45,7123,36.68345,21/09/22 00:00:00,CV23V1
229,23.01,22.54,22.51,22.16,22.38,22.22,22.34,22.65,23.35,23.7,7155,36.84825,21/09/22 00:00:00,CV23V1
230,23.09,22.62,22.39,22.07,22.17,22.34,22.22,22.52,23.15,23.78,7186,37.0079,21/09/22 00:00:00,CV23V1
231,23.09,22.54,22.31,22.31,22.38,22.42,22.14,22.44,23.14,23.61,7217,37.16755,21/09/22 00:00:00,CV23V1
232,23.01,22.34,22.14,22.16,22.3,22.42,22.05,22.36,23.06,23.53,7248,37.3272,21/09/22 00:00:00,CV23V1
233,22.97,22.26,22.14,22.32,22.46,22.42,22.14,22.32,23.14,23.41,7280,37.492,21/09/22 00:00:00,CV23V1
234,22.97,22.33,22.39,22.31,22.46,22.5,22.14,22.36,23.14,23.45,7311,37.65165,21/09/22 00:00:00,CV23V1
235,22.79,22.33,22.39,22.31,22.45,22.55,22.22,22.44,23.18,23.62,7342,37.8113,21/09/22 00:00:00,CV23V1
236,22.73,22.25,22.31,22.23,22.53,22.5,22.14,22.44,23.18,23.62,7373,37.97095,21/09/22 00:00:00,CV23V1
237,22.73,22.33,22.39,22.43,22.45,22.55,22.33,22.65,23.44,23.7,7405,38.13575,21/09/22 00:00:00,CV23V1
238,22.81,22.54,22.67,22.67,22.61,22.71,22.57,22.8,23.64,23.91,7436,38.2954,21/09/22 00:00:00,CV23V1
239,23.01,22.63,22.59,22.51,22.37,22.63,22.62,22.81,23.56,23.91,7467,38.45505,21/09/22 00:00:00,CV23V1
240,23.29,22.9,22.95,22.59,22.61,22.82,22.79,22.96,23.8,24.16,7498,38.6147,21/09/22 00:00:00,CV23V1
241,23.46,22.98,22.83,22.67,22.74,22.9,22.87,22.96,23.85,24.2,7530,38.7795,21/09/22 00:00:00,CV23V1
242,23.3,22.82,22.71,22.79,22.62,22.82,22.79,22.88,23.72,24.15,7561,38.93915,21/09/22 00:00:00,CV23V1
243,23.25,22.78,22.87,22.71,22.54,22.7,22.61,22.8,23.64,23.99,7592,39.0988,21/09/22 00:00:00,CV23V1
244,23.3,22.81,22.99,22.59,22.63,22.63,22.7,22.97,23.72,24.16,7623,39.25845,21/09/22 00:00:00,CV23V1
245,23.25,22.7,22.79,22.67,22.45,22.54,22.62,22.89,23.65,24.16,7655,39.42325,21/09/22 00:00:00,CV23V1
246,23.25,22.77,22.71,22.51,22.45,22.42,22.61,22.89,23.56,24.15,7686,39.5829,21/09/22 00:00:00,CV23V1
247,23.29,22.78,22.8,22.43,22.46,22.43,22.57,22.88,23.59,24.16,7717,39.74255,21/09/22 00:00:00,CV23V1
248,23.29,22.78,22.8,22.24,22.38,22.43,22.42,22.66,23.48,24.15,7748,39.9022,21/09/22 00:00:00,CV23V1
249,23.37,22.82,22.79,22.07,22.29,22.34,22.34,22.65,23.48,24.07,7779,40.06185,21/09/22 00:00:00,CV23V1
250,23.38,22.9,22.72,22.31,22.29,22.42,22.34,22.73,23.44,24.2,7811,40.22665,21/09/22 00:00:00,CV23V1
251,23.46,22.9,22.8,22.43,22.62,22.5,22.33,22.73,23.47,24.15,7842,40.3863,21/09/22 00:00:00,CV23V1
252,23.53,22.89,22.99,22.79,22.74,22.78,22.42,22.72,23.48,23.99,7873,40.54595,21/09/22 00:00:00,CV23V1
253,23.26,22.77,22.95,22.87,22.77,22.78,22.42,22.65,23.48,23.91,7904,40.7056,21/09/22 00:00:00,CV23V1
254,23.25,22.69,22.86,22.79,22.83,22.71,22.41,22.65,23.43,23.87,7936,40.8704,21/09/22 00:00:00,CV23V1
255,23.29,22.78,22.71,22.87,22.89,22.71,22.42,22.65,23.44,23.87,7967,41.03005,21/09/22 00:00:00,CV23V1
256,23.17,22.53,22.6,22.79,22.74,22.79,22.41,22.73,23.47,23.9,7998,41.1897,21/09/22 00:00:00,CV23V1
257,23.09,22.42,22.68,22.51,22.82,22.71,22.42,22.65,23.43,23.87,8030,41.3545,21/09/22 00:00:00,CV23V1
258,22.97,22.25,22.59,22.51,22.82,22.78,22.5,22.73,23.56,23.87,8061,41.51415,21/09/22 00:00:00,CV23V1
259,23.17,21.47,22.67,22.58,22.62,22.71,22.62,22.81,23.64,23.99,8092,41.6738,21/09/22 00:00:00,CV23V1
260,23.17,21.18,22.7,22.68,22.62,22.71,22.78,22.96,23.8,24.15,8123,41.83345,21/09/22 00:00:00,CV23V1
261,23.46,21.37,23.15,22.96,22.97,23.06,22.93,23.09,23.85,24.2,8154,41.9931,21/09/22 00:00:00,CV23V1
262,23.45,21.09,22.99,23,22.89,22.98,22.91,22.96,23.81,24.16,8186,42.1579,21/09/22 00:00:00,CV23V1
263,23.14,20.72,22.79,22.87,22.66,22.82,22.78,22.97,23.64,23.99,8217,42.31755,21/09/22 00:00:00,CV23V1
264,23.25,20.51,22.71,22.59,22.83,22.71,22.58,22.89,23.64,23.99,8248,42.4772,21/09/22 00:00:00,CV23V1
265,23.37,20.72,22.99,22.71,22.89,22.5,22.7,22.96,23.72,24.07,8279,42.63685,21/09/22 00:00:00,CV23V1
266,23.17,20.92,23,22.71,22.61,22.54,22.62,22.89,23.56,23.99,8311,42.80165,21/09/22 00:00:00,CV23V1
267,23.29,21.84,22.8,22.59,22.54,22.5,22.58,22.8,23.47,23.99,8342,42.9613,21/09/22 00:00:00,CV23V1
268,23.25,22.42,22.59,22.39,22.38,22.42,22.42,22.65,23.43,23.99,8373,43.12095,21/09/22 00:00:00,CV23V1
269,23.26,22.54,22.6,22.17,22.26,22.34,22.34,22.6,23.27,23.91,8404,43.2806,21/09/22 00:00:00,CV23V1
270,23.3,22.62,22.51,22.23,22.25,22.34,22.24,22.61,23.27,23.91,8436,43.4454,21/09/22 00:00:00,CV23V1
271,23.29,22.7,22.39,22.07,22.09,22.22,22.14,22.44,23.14,23.91,8467,43.60505,21/09/22 00:00:00,CV23V1
272,23.26,22.62,22.31,21.99,22.29,22.34,22.13,22.44,23.18,23.87,8498,43.7647,21/09/22 00:00:00,CV23V1
273,23.26,22.5,22.43,22.38,22.37,22.42,22.05,22.36,23.14,23.61,8529,43.92435,21/09/22 00:00:00,CV23V1
274,23.09,22.34,22.14,22.38,22.25,22.35,22.05,22.32,23.06,23.45,8561,44.08915,21/09/22 00:00:00,CV23V1
275,23,22.25,22.31,22.24,22.37,22.42,22.05,22.32,23.06,23.53,8592,44.2488,21/09/22 00:00:00,CV23V1
276,22.97,22.26,22.14,22.39,22.25,22.34,21.97,22.32,23.14,23.53,8623,44.40845,21/09/22 00:00:00,CV23V1
277,22.89,22.26,22.06,22.31,22.29,22.34,22.05,22.36,23.14,23.53,8654,44.5681,21/09/22 00:00:00,CV23V1
278,22.81,22.13,22.22,22.39,22.38,22.34,22.21,22.44,23.26,23.62,8686,44.7329,21/09/22 00:00:00,CV23V1
279,22.81,22.4,22.43,22.48,22.45,22.5,22.34,22.61,23.44,23.78,8717,44.89255,21/09/22 00:00:00,CV23V1
280,22.97,22.41,22.51,22.23,22.24,22.43,22.34,22.61,23.44,23.87,8748,45.0522,21/09/22 00:00:00,CV23V1
281,23.01,22.5,22.59,22.31,22.29,22.54,22.58,22.73,23.55,23.99,8779,45.21185,21/09/22 00:00:00,CV23V1
282,23.25,22.77,22.59,22.51,22.61,22.78,22.7,22.81,23.64,24.07,8811,45.37665,21/09/22 00:00:00,CV23V1
283,23.29,22.69,22.67,22.59,22.83,22.79,22.62,22.81,23.55,23.98,8842,45.5363,21/09/22 00:00:00,CV23V1
284,23.17,22.62,22.67,22.51,22.53,22.55,22.49,22.81,23.43,23.91,8873,45.69595,21/09/22 00:00:00,CV23V1
285,23.09,22.54,22.68,22.32,22.45,22.42,22.34,22.81,23.43,23.91,8904,45.8556,21/09/22 00:00:00,CV23V1
286,23.17,22.62,22.59,22.43,22.38,22.42,22.5,22.81,23.44,23.91,8935,46.01525,21/09/22 00:00:00,CV23V1
287,23.17,22.7,22.71,22.31,22.38,22.34,22.41,22.73,23.35,23.91,8967,46.18005,21/09/22 00:00:00,CV23V1
288,23.17,22.62,22.57,22.09,22.25,22.26,22.33,22.65,23.35,23.91,8998,46.3397,21/09/22 00:00:00,CV23V1
289,23.01,22.54,22.44,21.87,22.09,22.22,22.27,22.52,23.18,23.87,9029,46.49935,21/09/22 00:00:00,CV23V1
290,23.01,22.5,22.51,21.79,22,22.05,22.05,22.36,23.13,23.7,9060,46.659,21/09/22 00:00:00,CV23V1
291,23.09,22.54,22.31,21.87,22,22.05,21.97,22.37,23.13,23.84,9092,46.8238,21/09/22 00:00:00,CV23V1
292,23.09,22.62,22.39,21.87,22.09,22.14,21.97,22.32,23.05,23.87,9123,46.98345,21/09/22 00:00:00,CV23V1
293,23.09,22.54,22.39,22.16,22.37,22.22,21.97,22.24,23.05,23.7,9154,47.1431,21/09/22 00:00:00,CV23V1
294,23.01,22.34,22.22,21.96,22.25,22.14,21.85,22.14,22.97,23.45,9186,47.3079,21/09/22 00:00:00,CV23V1
295,22.96,22.22,22.22,22.16,22.17,22.22,21.85,22.08,22.9,23.41,9217,47.46755,21/09/22 00:00:00,CV23V1
296,23.01,22.34,22.39,22.23,22.26,22.26,21.85,22.24,22.89,23.41,9248,47.6272,21/09/22 00:00:00,CV23V1
297,22.97,22.26,22.18,22.23,22.09,22.26,21.89,22.25,22.97,23.46,9279,47.78685,21/09/22 00:00:00,CV23V1
298,22.89,22.22,22.06,22.04,22.17,22.22,21.85,22.16,22.89,23.54,9310,47.9465,21/09/22 00:00:00,CV23V1
299,22.74,22.13,21.94,22.08,22.29,22.22,21.97,22.32,23.13,23.62,9342,48.1113,21/09/22 00:00:00,CV23V1
300,22.87,22.34,22.14,22.23,22.26,22.26,22.13,22.44,23.26,23.78,9373,48.27095,21/09/22 00:00:00,CV23V1
301,22.97,22.42,22.14,22.23,22,22.35,22.29,22.52,23.35,23.87,9404,48.4306,21/09/22 00:00:00,CV23V1
302,23.17,22.62,22.51,22.51,22.29,22.42,22.49,22.73,23.56,23.99,9435,48.59025,21/09/22 00:00:00,CV23V1
303,23.26,22.63,22.39,22.43,22.38,22.54,22.57,22.65,23.56,23.99,9467,48.75505,21/09/22 00:00:00,CV23V1
304,23.17,22.63,22.39,22.43,22.38,22.63,22.5,22.73,23.48,23.99,9498,48.9147,21/09/22 00:00:00,CV23V1
305,23.17,22.54,22.39,22.24,22.45,22.5,22.34,22.65,23.43,23.91,9529,49.07435,21/09/22 00:00:00,CV23V1
306,23.17,22.66,22.51,22.43,22.55,22.51,22.5,22.81,23.64,24.08,9560,49.234,21/09/22 00:00:00,CV23V1
307,23.26,22.7,22.51,22.32,22.37,22.42,22.51,22.72,23.56,24.08,9592,49.3988,21/09/22 00:00:00,CV23V1
308,23.29,22.7,22.51,22.31,22.45,22.42,22.42,22.73,23.48,23.99,9623,49.55845,21/09/22 00:00:00,CV23V1
309,23.25,22.62,22.67,22.31,22.29,22.34,22.42,22.65,23.35,24.05,9654,49.7181,21/09/22 00:00:00,CV23V1
310,23.26,22.62,22.51,21.99,22.25,22.26,22.22,22.44,23.26,23.91,9685,49.87775,21/09/22 00:00:00,CV23V1
311,23.17,22.42,22.22,21.95,21.96,21.92,21.85,22.16,22.97,23.53,9717,50.04255,21/09/22 00:00:00,CV23V1
312,22.89,22.22,21.86,21.57,21.59,21.7,21.61,22,22.7,23.53,9748,50.2022,21/09/22 00:00:00,CV23V1
313,22.73,22.05,21.66,21.38,21.68,21.64,21.48,21.8,22.54,23.41,9779,50.36185,21/09/22 00:00:00,CV23V1
314,22.47,21.67,21.65,21.42,21.71,21.55,21.29,21.64,22.42,23.25,9810,50.5215,21/09/22 00:00:00,CV23V1
315,22.35,21.55,21.4,21.5,21.56,21.55,21.32,21.64,22.54,23.16,9842,50.6863,21/09/22 00:00:00,CV23V1
316,22.27,21.63,21.42,21.7,21.71,21.64,21.48,21.8,22.7,23.25,9873,50.84595,21/09/22 00:00:00,CV23V1
317,22.39,21.75,21.65,21.87,21.88,21.84,21.61,21.92,22.79,23.33,9904,51.0056,21/09/22 00:00:00,CV23V1
318,22.39,21.75,21.69,21.95,22,21.97,21.85,22.17,22.89,23.41,9935,51.16525,21/09/22 00:00:00,CV23V1
319,22.39,21.75,21.86,21.7,22,22.05,21.89,22.17,23.06,23.45,9967,51.33005,21/09/22 00:00:00,CV23V1
320,22.39,21.83,21.98,21.95,22.17,22.05,21.97,22.32,23.18,23.7,9998,51.4897,21/09/22 00:00:00,CV23V1
321,22.62,22.05,21.98,22.07,22.17,21.98,22.14,22.43,23.27,23.87,10029,51.64935,21/09/22 00:00:00,CV23V1
322,22.7,22.21,21.98,22.07,22.25,22.14,22.34,22.52,23.44,24.08,10060,51.809,21/09/22 00:00:00,CV23V1
323,23.01,22.5,22.39,22.32,22.29,22.5,22.58,22.65,23.48,24.07,10092,51.9738,21/09/22 00:00:00,CV23V1
324,22.97,22.5,22.59,22.39,22.5,22.54,22.49,22.65,23.44,24.08,10123,52.13345,21/09/22 00:00:00,CV23V1
325,22.89,22.42,22.41,22.39,22.45,22.5,22.5,22.65,23.48,24.08,10154,52.2931,21/09/22 00:00:00,CV23V1
326,22.97,22.42,22.43,22.31,22.45,22.34,22.29,22.61,23.44,24.13,10185,52.45275,21/09/22 00:00:00,CV23V1
327,23.01,22.5,22.51,22.39,22.37,22.26,22.34,22.73,23.48,24.16,10217,52.61755,21/09/22 00:00:00,CV23V1
328,22.97,22.42,22.51,22.31,22.25,22.14,22.3,22.61,23.35,24.07,10248,52.7772,21/09/22 00:00:00,CV23V1
329,22.89,22.34,22.43,22.15,22,21.93,22.22,22.52,23.27,23.91,10279,52.93685,21/09/22 00:00:00,CV23V1
330,22.89,22.42,22.22,21.99,21.96,21.92,22.22,22.45,23.27,23.91,10310,53.0965,21/09/22 00:00:00,CV23V1
331,22.96,22.34,22.39,21.7,21.8,21.96,22.14,22.32,23.14,23.78,10342,53.2613,21/09/22 00:00:00,CV23V1
332,22.97,22.33,22.39,21.79,21.71,21.92,21.89,22.32,23.11,23.7,10373,53.42095,21/09/22 00:00:00,CV23V1
333,22.89,22.33,22.22,21.79,21.79,21.97,21.85,22.24,22.98,23.7,10404,53.5806,21/09/22 00:00:00,CV23V1
334,22.97,22.41,22.31,21.95,21.96,22.22,21.89,22.32,23.06,23.7,10435,53.74025,21/09/22 00:00:00,CV23V1
335,22.97,22.21,22.22,21.95,22.17,22.26,21.86,22.24,22.98,23.45,10466,53.8999,21/09/22 00:00:00,CV23V1
336,22.7,22.05,22.22,21.87,22.25,22.22,21.85,22.17,22.89,23.45,10498,54.0647,21/09/22 00:00:00,CV23V1
337,22.62,22.05,22.06,21.99,22.17,22.22,21.85,22.17,22.89,23.41,10529,54.22435,21/09/22 00:00:00,CV23V1
338,22.62,22.05,21.98,21.87,22.09,22.14,21.77,22.17,22.9,23.41,10560,54.384,21/09/22 00:00:00,CV23V1
339,22.62,22.05,21.98,21.95,22.18,22.14,21.89,22.25,22.97,23.45,10607,54.62605,21/09/22 00:00:00,CV23V1
340,22.39,21.92,21.94,22.07,22.29,22.22,22.05,22.32,23.05,23.41,10623,54.70845,21/09/22 00:00:00,CV23V1
341,22.47,22.13,21.98,22.15,22.38,22.22,22.22,22.36,23.14,23.62,10654,54.8681,21/09/22 00:00:00,CV23V1
342,22.7,22.18,22.14,22.08,22.16,22.22,22.3,22.44,23.26,23.7,10685,55.02775,21/09/22 00:00:00,CV23V1
343,22.81,22.33,22.3,22.24,22.25,22.43,22.49,22.61,23.44,23.91,10716,55.1874,21/09/22 00:00:00,CV23V1
344,23.01,22.62,22.39,22.51,22.66,22.71,22.57,22.65,23.48,23.94,10748,55.3522,21/09/22 00:00:00,CV23V1
345,23.01,22.62,22.43,22.59,22.61,22.63,22.57,22.61,23.44,23.91,10779,55.51185,21/09/22 00:00:00,CV23V1
346,22.97,22.42,22.39,22.42,22.29,22.35,22.33,22.53,23.26,23.78,10810,55.6715,21/09/22 00:00:00,CV23V1
347,22.89,22.26,22.22,22.31,22.17,22.26,22.14,22.61,23.27,23.87,10841,55.83115,21/09/22 00:00:00,CV23V1
348,23,22.51,22.43,22.38,22.37,22.14,22.33,22.65,23.27,23.91,10873,55.99595,21/09/22 00:00:00,CV23V1
349,23.01,22.5,22.31,22.24,22.29,22.22,22.3,22.61,23.18,23.87,10904,56.1556,21/09/22 00:00:00,CV23V1
350,22.97,22.34,22.22,22.15,22.25,22.14,22.21,22.52,23.14,23.78,10951,56.39765,21/09/22 00:00:00,CV23V1
351,22.89,22.33,22.14,21.99,22,21.96,22.05,22.32,23.06,23.7,10982,56.5573,21/09/22 00:00:00,CV23V1
352,22.81,22.33,22.22,21.66,21.96,21.96,21.97,22.25,23.06,23.7,11013,56.71695,21/09/22 00:00:00,CV23V1
353,22.97,22.34,22.39,21.66,22,21.97,21.89,22.32,23.14,23.8,11029,56.79935,21/09/22 00:00:00,CV23V1
354,23.01,22.42,22.31,21.66,22,22.05,21.89,22.33,23.06,23.87,11060,56.959,21/09/22 00:00:00,CV23V1
355,23.01,22.5,22.39,21.99,22.29,22.26,21.96,22.33,23.14,23.78,11107,57.20105,21/09/22 00:00:00,CV23V1
356,22.93,22.26,22.31,22.07,22.25,22.43,21.96,22.33,23.14,23.62,11123,57.28345,21/09/22 00:00:00,CV23V1
357,22.81,22.26,22.14,22.31,22.45,22.42,22.05,22.36,23.14,23.62,11170,57.5255,21/09/22 00:00:00,CV23V1
358,22.97,22.33,22.22,22.42,22.62,22.5,22.05,22.36,23.14,23.54,11201,57.68515,21/09/22 00:00:00,CV23V1
359,22.7,22.25,22.06,22.43,22.53,22.42,22.05,22.36,23.14,23.62,11216,57.7624,21/09/22 00:00:00,CV23V1
360,22.73,22.25,22.14,22.23,22.29,22.42,22.05,22.32,23.14,23.62,11263,58.00445,21/09/22 00:00:00,CV23V1
361,22.62,22.13,22.39,22.23,22.29,22.42,22.14,22.44,23.26,23.62,11294,58.1641,21/09/22 00:00:00,CV23V1
362,22.82,22.34,22.39,22.31,22.29,22.42,22.3,22.52,23.35,23.79,11326,58.3289,21/09/22 00:00:00,CV23V1
363,22.89,22.42,22.31,22.24,22.29,22.35,22.34,22.61,23.27,23.78,11357,58.48855,21/09/22 00:00:00,CV23V1
364,23,22.62,22.39,22.42,22.38,22.55,22.5,22.65,23.43,23.99,11388,58.6482,21/09/22 00:00:00,CV23V1
365,23.09,22.7,22.59,22.44,22.54,22.63,22.58,22.73,23.44,23.99,11419,58.80785,21/09/22 00:00:00,CV23V1
366,23.25,22.63,22.67,22.42,22.54,22.63,22.58,22.65,23.43,23.91,11435,58.89025,21/09/22 00:00:00,CV23V1
367,23.09,22.5,22.51,22.5,22.46,22.5,22.34,22.57,23.26,23.7,11482,59.1323,21/09/22 00:00:00,CV23V1
368,23.09,22.54,22.71,22.59,22.65,22.42,22.34,22.61,23.35,23.87,11513,59.29195,21/09/22 00:00:00,CV23V1
369,23,22.54,22.67,22.51,22.45,22.34,22.34,22.61,23.35,23.87,11544,59.4516,21/09/22 00:00:00,CV23V1
370,23.17,22.69,22.67,22.32,22.37,22.34,22.42,22.65,23.26,23.87,11576,59.6164,21/09/22 00:00:00,CV23V1
371,23.26,22.69,22.59,22.16,22.29,22.35,22.33,22.73,23.26,23.86,11607,59.77605,21/09/22 00:00:00,CV23V1
372,23.17,22.7,22.58,22.24,22.25,22.26,22.3,22.52,23.18,23.87,11638,59.9357,21/09/22 00:00:00,CV23V1
373,22.39,22.62,22.39,22.07,22.25,22.22,22.14,22.45,23.14,23.78,11669,60.09535,21/09/22 00:00:00,CV23V1
374,21.48,22.7,22.51,21.99,22.18,22.22,22.05,22.65,23.18,23.87,11701,60.26015,21/09/22 00:00:00,CV23V1
375,21.5,22.78,22.51,22.16,22.3,22.26,22.14,22.61,23.18,23.99,11732,60.4198,21/09/22 00:00:00,CV23V1
376,21.04,22.7,22.71,22.43,22.54,22.5,22.22,22.56,23.26,23.78,11763,60.57945,21/09/22 00:00:00,CV23V1
377,21.04,22.33,22.51,22.51,22.53,22.42,22.14,22.44,23.17,23.62,11794,60.7391,21/09/22 00:00:00,CV23V1
378,21.4,22.25,22.31,22.58,22.61,22.42,22.22,22.52,23.18,23.62,11826,60.9039,21/09/22 00:00:00,CV23V1
379,21.71,22.26,22.31,22.42,22.74,22.54,22.14,22.61,23.18,23.7,11857,61.06355,21/09/22 00:00:00,CV23V1
380,22,22.25,22.31,22.43,22.82,22.63,22.22,22.61,23.26,23.69,11888,61.2232,21/09/22 00:00:00,CV23V1
381,22.19,22.22,22.43,22.43,22.62,22.5,22.22,22.52,23.35,23.69,11919,61.38285,21/09/22 00:00:00,CV23V1
382,22.04,22.25,22.43,22.51,22.53,22.42,22.31,22.61,23.43,23.78,11951,61.54765,21/09/22 00:00:00,CV23V1
383,22.62,22.22,22.59,22.51,22.46,22.34,22.41,22.65,23.47,23.91,11982,61.7073,21/09/22 00:00:00,CV23V1
384,22.99,22.26,22.67,22.33,22.45,22.49,22.57,22.88,23.56,24.07,12013,61.86695,21/09/22 00:00:00,CV23V1
385,23.17,22.62,22.8,22.71,22.74,22.78,22.79,22.96,23.72,24.16,12044,62.0266,21/09/22 00:00:00,CV23V1
386,23.25,22.78,22.8,22.87,22.77,22.82,22.78,23,23.64,24.16,12076,62.1914,21/09/22 00:00:00,CV23V1
387,23.25,22.78,22.72,22.79,22.82,22.78,22.7,22.88,23.47,23.99,12107,62.35105,21/09/22 00:00:00,CV23V1
388,23.29,22.69,22.6,22.71,22.82,22.63,22.62,22.81,23.56,23.91,12138,62.5107,21/09/22 00:00:00,CV23V1
389,23.45,22.89,22.95,22.79,22.74,22.71,22.7,22.96,23.64,24.07,12169,62.67035,21/09/22 00:00:00,CV23V1
390,23.37,22.82,22.95,22.71,22.66,22.55,22.62,22.89,23.43,23.99,12201,62.83515,21/09/22 00:00:00,CV23V1
391,23.26,22.78,22.67,22.51,22.53,22.43,22.58,22.81,23.44,23.9,12232,62.9948,21/09/22 00:00:00,CV23V1
392,23.09,22.78,22.71,22.15,22.29,22.34,22.49,22.81,23.43,23.91,12263,63.15445,21/09/22 00:00:00,CV23V1
393,23.29,22.7,22.71,21.96,22.45,22.26,22.33,22.65,23.35,23.91,12294,63.3141,21/09/22 00:00:00,CV23V1
394,23.3,22.7,22.59,21.99,22.25,22.26,22.22,22.61,23.26,23.91,12326,63.4789,21/09/22 00:00:00,CV23V1
395,23.38,22.77,22.59,22.15,22.15,22.22,22.14,22.52,23.18,23.91,12357,63.63855,21/09/22 00:00:00,CV23V1
396,23.38,22.77,22.39,22.31,22.38,22.34,22.14,22.52,23.18,23.91,12388,63.7982,21/09/22 00:00:00,CV23V1
397,23.29,22.62,22.31,22.42,22.53,22.42,22.05,22.37,23.14,23.69,12419,63.95785,21/09/22 00:00:00,CV23V1
398,23.26,22.5,22.22,22.23,22.37,22.34,22.05,22.32,23.06,23.62,12450,64.1175,21/09/22 00:00:00,CV23V1
399,23.01,22.42,22.14,22.39,22.45,22.42,22.05,22.32,23.05,23.53,12482,64.2823,21/09/22 00:00:00,CV23V1
400,22.97,22.34,22.22,22.32,22.53,22.26,21.89,22.25,22.97,23.45,12513,64.44195,21/09/22 00:00:00,CV23V1
401,22.97,22.34,22.06,22.39,22.38,22.34,21.97,22.25,23.14,23.53,12544,64.6016,21/09/22 00:00:00,CV23V1
402,22.81,22.14,22.14,22.23,22.45,22.42,22.05,22.36,23.18,23.45,12575,64.76125,21/09/22 00:00:00,CV23V1
403,22.73,22.42,22.43,22.24,22.46,22.43,22.21,22.44,23.26,23.7,12607,64.92605,21/09/22 00:00:00,CV23V1
404,22.97,22.49,22.3,22.23,22.17,22.34,22.21,22.44,23.35,23.78,12638,65.0857,21/09/22 00:00:00,CV23V1
405,23.01,22.5,22.43,22.31,22.25,22.5,22.41,22.65,23.48,23.99,12669,65.24535,21/09/22 00:00:00,CV23V1
406,23.29,22.77,22.8,22.59,22.54,22.71,22.58,22.81,23.65,23.99,12700,65.405,21/09/22 00:00:00,CV23V1
407,23.37,22.81,22.71,22.59,22.61,22.71,22.58,22.8,23.56,23.99,12732,65.5698,21/09/22 00:00:00,CV23V1
408,23.17,22.63,22.71,22.43,22.37,22.55,22.41,22.65,23.43,23.87,12763,65.72945,21/09/22 00:00:00,CV23V1
409,23.09,22.54,22.67,22.43,22.45,22.43,22.34,22.73,23.43,23.9,12794,65.8891,21/09/22 00:00:00,CV23V1
410,23.3,22.69,22.8,22.59,22.66,22.43,22.49,22.81,23.56,23.99,12825,66.04875,21/09/22 00:00:00,CV23V1
411,23.3,22.62,22.79,22.51,22.74,22.42,22.49,22.73,23.43,23.91,12857,66.21355,21/09/22 00:00:00,CV23V1
412,23.26,22.62,22.6,22.39,22.38,22.33,22.41,22.73,23.43,24.07,12888,66.3732,21/09/22 00:00:00,CV23V1
413,23.17,22.7,22.51,22.31,22.29,22.22,22.33,22.65,23.26,23.91,12919,66.53285,21/09/22 00:00:00,CV23V1
414,23.17,22.7,22.31,21.99,22.17,22.14,22.22,22.52,23.26,23.87,12950,66.6925,21/09/22 00:00:00,CV23V1
415,23.26,22.69,22.51,21.95,22.17,22.22,22.14,22.61,23.18,23.9,12982,66.8573,21/09/22 00:00:00,CV23V1
416,23.37,22.78,22.39,22.07,22.29,22.26,22.14,22.52,23.18,23.91,13013,67.01695,21/09/22 00:00:00,CV23V1
417,23.17,22.5,22.3,22.15,22.45,22.14,21.85,22.32,22.96,23.61,13044,67.1766,21/09/22 00:00:00,CV23V1
418,22.89,22.21,22,21.79,22.09,21.76,21.61,22,22.78,23.24,13075,67.33625,21/09/22 00:00:00,CV23V1
419,22.7,21.84,21.94,21.59,22,21.68,21.48,21.81,22.54,23.16,13107,67.50105,21/09/22 00:00:00,CV23V1
420,22.54,21.68,21.57,21.66,21.96,21.56,21.32,21.72,22.42,23.16,13138,67.6607,21/09/22 00:00:00,CV23V1
421,22.55,21.76,21.57,21.71,21.96,21.56,21.4,21.88,22.7,23.33,13169,67.82035,21/09/22 00:00:00,CV23V1
422,22.55,21.84,21.66,21.87,22.17,21.84,21.61,22.09,22.89,23.45,13200,67.98,21/09/22 00:00:00,CV23V1
423,22.55,21.83,21.78,21.87,22.09,22.05,21.89,22.24,23.14,23.44,13231,68.13965,21/09/22 00:00:00,CV23V1
424,22.7,22.21,21.98,21.95,22.37,22.26,22.22,22.44,23.35,23.7,13263,68.30445,21/09/22 00:00:00,CV23V1
425,22.89,22.34,22.31,21.95,22.25,22.26,22.34,22.44,23.43,23.78,13294,68.4641,21/09/22 00:00:00,CV23V1
426,23.09,22.5,22.67,22.39,22.45,22.54,22.62,22.65,23.56,23.91,13325,68.62375,21/09/22 00:00:00,CV23V1
427,23.3,22.78,22.59,22.39,22.66,22.71,22.7,22.73,23.55,24.07,13357,68.78855,21/09/22 00:00:00,CV23V1
428,23.26,22.7,22.51,22.43,22.66,22.71,22.61,22.65,23.56,23.99,13388,68.9482,21/09/22 00:00:00,CV23V1
429,23.09,22.55,22.51,22.24,22.38,22.51,22.41,22.61,23.43,23.87,13419,69.10785,21/09/22 00:00:00,CV23V1
430,23.3,22.7,22.71,22.51,22.52,22.5,22.41,22.81,23.47,24.2,13450,69.2675,21/09/22 00:00:00,CV23V1
431,23.37,22.78,22.95,22.67,22.66,22.54,22.49,22.89,23.64,24.2,13482,69.4323,21/09/22 00:00:00,CV23V1
432,23.46,22.82,22.95,22.67,22.74,22.54,22.57,22.88,23.72,24.2,13513,69.59195,21/09/22 00:00:00,CV23V1
433,23.53,22.9,22.8,22.59,22.61,22.34,22.61,22.96,23.72,24.15,13544,69.7516,21/09/22 00:00:00,CV23V1
434,23.62,22.98,22.72,22.51,22.45,22.5,22.58,22.89,23.68,24.15,13575,69.91125,21/09/22 00:00:00,CV23V1
435,23.61,23.06,22.95,22.5,22.66,22.43,22.58,22.89,23.64,24.19,13606,70.0709,21/09/22 00:00:00,CV23V1
436,23.74,23.18,22.99,22.67,22.66,22.51,22.62,23,23.72,24.44,13638,70.2357,21/09/22 00:00:00,CV23V1
437,23.91,23.35,23.05,22.79,22.83,22.71,22.7,23.09,23.81,24.56,13669,70.39535,21/09/22 00:00:00,CV23V1
438,23.74,23.18,23.07,23,22.89,22.9,22.7,22.96,23.8,24.37,13700,70.555,21/09/22 00:00:00,CV23V1
439,23.69,23.06,22.98,22.79,22.83,22.98,22.62,22.89,23.64,24.15,13731,70.71465,21/09/22 00:00:00,CV23V1
440,23.61,22.96,22.95,22.96,22.83,22.91,22.61,22.97,23.81,24.07,13763,70.87945,21/09/22 00:00:00,CV23V1
441,23.54,22.9,22.71,23,22.83,22.98,22.57,22.96,23.72,24.07,13794,71.0391,21/09/22 00:00:00,CV23V1
442,23.45,22.82,22.67,22.79,22.82,22.82,22.61,22.96,23.55,23.99,13825,71.19875,21/09/22 00:00:00,CV23V1
443,23.29,22.69,22.52,22.59,22.66,22.7,22.58,22.73,23.47,23.99,13856,71.3584,21/09/22 00:00:00,CV23V1
444,23.09,22.62,22.59,22.67,22.74,22.78,22.7,22.89,23.64,23.99,13888,71.5232,21/09/22 00:00:00,CV23V1
445,23.25,22.69,22.67,22.67,22.62,22.79,22.79,23,23.8,24.15,13919,71.68285,21/09/22 00:00:00,CV23V1
446,23.3,22.82,22.69,22.67,22.66,22.83,22.78,23.17,23.85,24.36,13950,71.8425,21/09/22 00:00:00,CV23V1
447,23.62,23.06,22.87,22.96,22.89,23.07,22.94,23.17,23.93,24.49,13981,72.00215,21/09/22 00:00:00,CV23V1
448,23.7,22.97,22.87,23,23.04,22.98,22.99,23.24,23.93,24.36,14013,72.16695,21/09/22 00:00:00,CV23V1
449,23.61,23.01,22.87,22.96,23.01,22.99,22.91,23.09,23.85,24.16,14044,72.3266,21/09/22 00:00:00,CV23V1
450,23.45,22.98,22.99,22.88,22.83,22.82,22.79,22.96,23.81,24.2,14075,72.48625,21/09/22 00:00:00,CV23V1
451,23.53,23.14,23.23,22.96,22.97,22.78,22.86,23.09,23.8,24.36,14106,72.6459,21/09/22 00:00:00,CV23V1
452,23.45,23.06,22.95,22.87,22.82,22.71,22.78,23,23.72,24.19,14138,72.8107,21/09/22 00:00:00,CV23V1
453,23.38,22.97,22.95,22.59,22.83,22.62,22.7,22.96,23.64,24.16,14169,72.97035,21/09/22 00:00:00,CV23V1
454,23.38,22.97,22.95,22.59,22.74,22.55,22.61,22.89,23.64,24.2,14200,73.13,21/09/22 00:00:00,CV23V1
455,23.46,22.9,22.8,22.51,22.54,22.34,22.49,22.65,23.47,24.08,14231,73.28965,21/09/22 00:00:00,CV23V1
456,23.46,22.82,22.66,22.39,22.37,22.26,22.3,22.61,23.44,24.08,14263,73.45445,21/09/22 00:00:00,CV23V1
457,23.53,22.9,22.71,22.32,22.17,22.12,22.22,22.61,23.35,24.07,14294,73.6141,21/09/22 00:00:00,CV23V1
458,23.46,22.85,22.51,22.5,22.29,22.34,22.3,22.65,23.44,24,14325,73.77375,21/09/22 00:00:00,CV23V1
459,23.38,22.77,22.67,22.43,22.53,22.51,22.29,22.61,23.35,23.86,14356,73.9334,21/09/22 00:00:00,CV23V1
460,23.29,22.54,22.43,22.53,22.66,22.5,22.21,22.44,23.26,23.69,14387,74.09305,21/09/22 00:00:00,CV23V1
461,23.17,22.5,22.31,22.42,22.74,22.51,22.3,22.52,23.26,23.62,14419,74.25785,21/09/22 00:00:00,CV23V1
462,23.09,22.33,22.39,22.42,22.74,22.51,22.22,22.44,23.26,23.7,14450,74.4175,21/09/22 00:00:00,CV23V1
463,23.09,22.42,22.51,22.39,22.66,22.55,22.22,22.44,23.26,23.7,14481,74.57715,21/09/22 00:00:00,CV23V1
464,22.97,22.26,22.31,22.32,22.66,22.54,22.29,22.52,23.35,23.62,14512,74.7368,21/09/22 00:00:00,CV23V1
465,22.81,22.5,22.39,22.43,22.66,22.54,22.33,22.52,23.44,23.78,14544,74.9016,21/09/22 00:00:00,CV23V1
466,23.01,22.42,22.31,22.39,22.52,22.5,22.33,22.61,23.48,23.87,14575,75.06125,21/09/22 00:00:00,CV23V1
467,23.09,22.58,22.43,22.51,22.37,22.62,22.49,22.79,23.64,24.13,14606,75.2209,21/09/22 00:00:00,CV23V1
468,23.34,22.7,22.59,22.71,22.53,22.82,22.61,22.8,23.72,24.15,14637,75.38055,21/09/22 00:00:00,CV23V1
469,23.38,22.7,22.59,22.52,22.54,22.78,22.58,22.73,23.64,24.07,14669,75.54535,21/09/22 00:00:00,CV23V1
470,23.25,22.62,22.6,22.51,22.61,22.55,22.49,22.61,23.47,23.91,14700,75.705,21/09/22 00:00:00,CV23V1
471,23.01,22.5,22.67,22.43,22.62,22.51,22.5,22.73,23.56,23.91,14731,75.86465,21/09/22 00:00:00,CV23V1
472,23.3,22.77,22.71,22.67,22.54,22.55,22.7,22.88,23.55,24.07,14762,76.0243,21/09/22 00:00:00,CV23V1
473,23.38,22.7,22.87,22.71,22.53,22.51,22.61,22.89,23.56,24,14794,76.1891,21/09/22 00:00:00,CV23V1
474,23.38,22.69,22.86,22.39,22.53,22.42,22.42,22.81,23.35,23.91,14825,76.34875,21/09/22 00:00:00,CV23V1
475,23.38,22.54,22.79,22.24,22.37,22.42,22.32,22.61,23.26,23.91,14856,76.5084,21/09/22 00:00:00,CV23V1
476,23.09,22.54,22.59,21.88,22.38,22.34,22.22,22.52,23.18,23.83,14887,76.66805,21/09/22 00:00:00,CV23V1
477,23.1,22.54,22.59,21.96,22.09,22.22,22.05,22.36,23.14,23.78,14919,76.83285,21/09/22 00:00:00,CV23V1
478,23.17,22.54,22.59,21.79,21.96,22.14,21.89,22.36,23.05,23.87,14950,76.9925,21/09/22 00:00:00,CV23V1
479,23.25,22.62,22.43,22.1,22.24,22.26,21.97,22.36,23.14,23.78,14981,77.15215,21/09/22 00:00:00,CV23V1
480,23.09,22.33,22.14,22.23,22.26,22.26,21.89,22.32,23.05,23.45,15012,77.3118,21/09/22 00:00:00,CV23V1
481,23,22.26,21.98,22.31,22.29,22.26,21.97,22.24,23.05,23.45,15044,77.4766,21/09/22 00:00:00,CV23V1
482,23.01,22.34,22.22,22.23,22.37,22.34,21.97,22.32,22.98,23.46,15075,77.63625,21/09/22 00:00:00,CV23V1
483,22.63,22.14,22.22,22.23,22.18,22.05,22.05,22.33,23.06,23.45,15106,77.7959,21/09/22 00:00:00,CV23V1
484,22.74,22.13,22.14,22.23,22.17,22.22,22.05,22.32,23.06,23.54,15137,77.95555,21/09/22 00:00:00,CV23V1
485,22.73,22.07,22.14,22.24,22.25,22.34,22.14,22.44,23.14,23.62,15169,78.12035,21/09/22 00:00:00,CV23V1
486,22.88,22.26,22.22,22.24,22.29,22.43,22.29,22.52,23.26,23.78,15200,78.28,21/09/22 00:00:00,CV23V1
487,22.97,22.25,22.31,22.16,22.37,22.42,22.34,22.61,23.35,23.78,15231,78.43965,21/09/22 00:00:00,CV23V1
488,23.09,22.42,22.43,22.42,22.61,22.63,22.49,22.73,23.56,23.9,15262,78.5993,21/09/22 00:00:00,CV23V1
489,23.37,22.7,22.67,22.59,22.53,22.78,22.62,22.73,23.56,24.07,15294,78.7641,21/09/22 00:00:00,CV23V1
490,23.29,22.7,22.6,22.71,22.74,22.79,22.62,22.8,23.56,24.07,15325,78.92375,21/09/22 00:00:00,CV23V1
491,22.96,22.51,22.52,22.67,22.66,22.54,22.42,22.61,23.44,23.87,15356,79.0834,21/09/22 00:00:00,CV23V1
492,22.97,22.54,22.67,22.67,22.57,22.42,22.41,22.73,23.48,24.08,15387,79.24305,21/09/22 00:00:00,CV23V1
493,23.17,22.63,22.79,22.66,22.46,22.42,22.49,22.73,23.47,24.07,15419,79.40785,21/09/22 00:00:00,CV23V1
494,23.26,22.64,22.79,22.59,22.61,22.42,22.5,22.73,23.44,23.98,15450,79.5675,21/09/22 00:00:00,CV23V1
495,23.09,22.62,22.71,22.32,22.38,22.42,22.49,22.65,23.35,23.9,15481,79.72715,21/09/22 00:00:00,CV23V1
496,23.09,22.7,22.59,22.16,22.17,22.34,22.34,22.52,23.26,23.87,15512,79.8868,21/09/22 00:00:00,CV23V1
497,23.25,22.62,22.67,22.15,22,22.26,22.14,22.44,23.13,23.87,15544,80.0516,21/09/22 00:00:00,CV23V1
498,23.29,21.55,22.43,22.23,22.25,22.14,22.05,22.44,23.18,23.99,15575,80.21125,21/09/22 00:00:00,CV23V1
499,23.45,20.15,22.39,22.31,22.37,22.22,22.14,22.44,23.27,24.07,15606,80.3709,21/09/22 00:00:00,CV23V1
